-- ============================================================================
-- 回滚 V0003__menu_dynamic_route.sql
--
-- 还原到改造前状态：删除 component / meta_json 两列，恢复原有 15 条菜单、
-- 22 条菜单按钮绑定、3 条角色授权（数据取自改造前的库快照）。
--
-- 注意：回滚后动态路由会重新指向不存在的页面，必须同时把前端 initRouter()
--       改回 handleAsyncRoutes([])（静态路由），否则侧边栏全线 404。
-- ============================================================================

BEGIN;

DELETE FROM sys_menu;
DELETE FROM sys_menu_btn;
DELETE FROM sys_role_menu_btn;

ALTER TABLE sys_menu DROP COLUMN IF EXISTS component;
ALTER TABLE sys_menu DROP COLUMN IF EXISTS meta_json;

INSERT INTO sys_menu (menu_id, menu_code, menu_name, parent_id, menu_url, menu_icon, is_show_link, sort_border, tree_level, full_name, full_code, has_child, create_id, create_time, create_name, update_id, update_time, update_name) VALUES
('10000', 'System', '系统管理', '0', '/system', 'ri/settings-3-line', 1, 'A999', 1, '系统管理', '|10000|', true, 1, '2026-07-14 01:05:30', '系统管理员', 1, '2026-07-14 01:05:30', '系统管理员'),
('10015', 'equipmentType', '设备类型管理', '10000', '/system/equipmentType/index', '', 1, 'B001', 2, '系统管理|设备类型管理', '|10000|10015|', false, 1, '2026-07-14 01:05:30', '系统管理员', 1, '2026-07-14 01:05:30', '系统管理员'),
('10021', 'SystemMenu', '菜单管理', '10000', '/system/menu/index', '', 1, 'B004', 2, '系统管理|菜单管理', '|10000|10021|', false, 1, '2026-07-14 01:05:30', '系统管理员', 1, '2026-07-14 01:05:30', '系统管理员'),
('10022', 'buttonManagement', '按钮管理', '10000', '/system/buttonManagement/index', '', 1, 'B007', 2, '系统管理|按钮管理', '|10000|10022|', false, 1, '2026-07-14 01:05:30', '系统管理员', 1, '2026-07-14 01:05:30', '系统管理员'),
('10025', 'SystemRole', '角色管理', '10000', '/system/role/index', '', 1, 'B010', 2, '系统管理|角色管理', '|10000|10025|', false, 1, '2026-07-14 01:05:30', '系统管理员', 1, '2026-07-14 01:05:30', '系统管理员'),
('10026', 'SystemUser', '用户管理', '10000', '/system/user/index', '', 1, 'B013', 2, '系统管理|用户管理', '|10000|10026|', false, 1, '2026-07-14 01:05:30', '系统管理员', 1, '2026-07-14 01:05:30', '系统管理员'),
('3000', 'information', '基础信息', '0', '/information', 'ep/document', 1, 'A001', 1, '基础信息', '|3000|', true, 1, '2026-07-14 01:05:30', '系统管理员', 1, '2026-07-14 01:05:30', '系统管理员'),
('3004', 'environmentalMap', '环境平面图', '3000', '/environmentalMonitor/environmentalMap/index', '', 1, 'B001', 2, '基础信息|环境平面图', '|3000|3004|', false, 1, '2026-07-14 01:05:30', '系统管理员', 1, '2026-07-14 01:05:30', '系统管理员'),
('5000', 'record', '记录管理', '0', '/record', 'ep/document-copy', 1, 'A011', 1, '记录管理', '|5000|', true, 1, '2026-07-14 01:05:30', '系统管理员', 1, '2026-07-14 01:05:30', '系统管理员'),
('5002', 'alarmLog', '设备报警记录', '5000', '/record/alarmLog/index', '', 1, 'B001', 2, '记录管理|设备报警记录', '|5000|5002|', false, 1, '2026-07-14 01:05:30', '系统管理员', 1, '2026-07-14 01:05:30', '系统管理员'),
('5003', 'operationRecords', '设备运行记录', '5000', '/record/operationRecords/index', '', 1, 'B004', 2, '记录管理|设备运行记录', '|5000|5003|', false, 1, '2026-07-14 01:05:30', '系统管理员', 1, '2026-07-14 01:05:30', '系统管理员'),
('5004', 'controlRecords', '设备控制记录', '5000', '/record/controlRecords/index', '', 1, 'B007', 2, '记录管理|设备控制记录', '|5000|5004|', false, 1, '2026-07-14 01:05:30', '系统管理员', 1, '2026-07-14 01:05:30', '系统管理员'),
('5005', 'SMSLogs', '短信发送记录', '5000', '/record/SMSLogs/index', '', 1, 'B010', 2, '记录管理|短信发送记录', '|5000|5005|', false, 1, '2026-07-14 01:05:30', '系统管理员', 1, '2026-07-14 01:05:30', '系统管理员'),
('5015', 'sysUserLog', '用户登录日志', '5000', '/record/sysUserLog/index', '', 1, 'B013', 2, '记录管理|用户登录日志', '|5000|5015|', false, 1, '2026-07-14 01:05:30', '系统管理员', 1, '2026-07-14 01:05:30', '系统管理员'),
('10027', 'IotDevice', '设备管理', '0', '/iot/device', 'ep:monitor', 1, '10', 1, '设备管理', '|10027|', false, 1, '2026-07-14 01:10:10', '开发管理员', 1, '2026-07-14 01:10:10', '开发管理员');

INSERT INTO sys_menu_btn (snow_id, menu_id, button_id, mb_sort, create_id, create_time, create_name, update_id, update_time, update_name) VALUES
(7256959027433705474, '10015', 2, 0, 1, '2024-03-05 08:43:18', '开发管理员', 1, '2024-03-13 08:53:29', '开发管理员'),
(7256959027433705475, '10015', 3, 0, 1, '2024-03-05 08:43:18', '开发管理员', 1, '2024-03-13 08:53:29', '开发管理员'),
(7256959027433705473, '10015', 4, 0, 1, '2024-03-05 08:43:18', '开发管理员', 1, '2024-03-13 08:53:29', '开发管理员'),
(7238804990708420611, '10021', 3, 0, 1, '2024-03-05 08:43:18', '开发管理员', 1, '2024-03-13 08:53:29', '开发管理员'),
(7238804990708420610, '10021', 2, 0, 1, '2024-03-05 08:43:18', '开发管理员', 1, '2024-03-13 08:53:29', '开发管理员'),
(7238804990708420609, '10021', 4, 0, 1, '2024-03-05 08:43:18', '开发管理员', 1, '2024-03-13 08:53:29', '开发管理员'),
(7238804990708420612, '10021', 9, 0, 1, '2024-03-05 08:43:18', '开发管理员', 1, '2024-03-13 08:53:29', '开发管理员'),
(7238784873417150465, '10022', 4, 0, 1, '2024-03-05 08:43:18', '开发管理员', 1, '2024-03-13 08:53:29', '开发管理员'),
(7238784873417150466, '10022', 2, 0, 1, '2024-03-05 08:43:18', '开发管理员', 1, '2024-03-13 08:53:29', '开发管理员'),
(7238784873417150467, '10022', 10, 0, 1, '2024-03-05 08:43:18', '开发管理员', 1, '2024-03-13 08:53:29', '开发管理员'),
(7238784873417150468, '10022', 11, 0, 1, '2024-03-05 08:43:18', '开发管理员', 1, '2024-03-13 08:53:29', '开发管理员'),
(7238784873417150464, '10022', 3, 0, 1, '2024-03-05 08:43:18', '开发管理员', 1, '2024-03-13 08:53:29', '开发管理员'),
(7238808256125079554, '10025', 10, 0, 1, '2024-03-05 08:43:18', '开发管理员', 1, '2024-03-13 08:53:29', '开发管理员'),
(7238808256125079555, '10025', 3, 0, 1, '2024-03-05 08:43:18', '开发管理员', 1, '2024-03-13 08:53:29', '开发管理员'),
(7238808256125079556, '10025', 4, 0, 1, '2024-03-05 08:43:18', '开发管理员', 1, '2024-03-13 08:53:29', '开发管理员'),
(7238808256125079557, '10025', 2, 0, 1, '2024-03-05 08:43:18', '开发管理员', 1, '2024-03-13 08:53:29', '开发管理员'),
(7238808256125079553, '10025', 11, 0, 1, '2024-03-05 08:43:18', '开发管理员', 1, '2024-03-13 08:53:29', '开发管理员'),
(7238808272222818305, '10026', 4, 0, 1, '2024-03-05 08:43:18', '开发管理员', 1, '2024-03-13 08:53:29', '开发管理员'),
(7238808272222818306, '10026', 2, 0, 1, '2024-03-05 08:43:18', '开发管理员', 1, '2024-03-13 08:53:29', '开发管理员'),
(7238808272222818307, '10026', 3, 0, 1, '2024-03-05 08:43:18', '开发管理员', 1, '2024-03-13 08:53:29', '开发管理员'),
(7238808272222818308, '10026', 11, 0, 1, '2024-03-05 08:43:18', '开发管理员', 1, '2024-03-13 08:53:29', '开发管理员'),
(7238808272222818309, '10026', 10, 0, 1, '2024-03-05 08:43:18', '开发管理员', 1, '2024-03-13 08:53:29', '开发管理员');

INSERT INTO sys_role_menu_btn (snow_id, tenant_id, role_id, menu_id, button_id, create_id, create_time, create_name, update_id, update_time, update_name) VALUES
(7482482834788061184, 0, 4, '10027', 0, 0, NULL, NULL, 0, NULL, NULL),
(7482482834788061185, 0, 4, '3000', 0, 0, NULL, NULL, 0, NULL, NULL),
(7482482834788061186, 0, 4, '3004', 0, 0, NULL, NULL, 0, NULL, NULL);

COMMIT;
